{
    "original": {
        "76": [
            175,
            386,
            160,
            122,
            76,
            0.917342483997345
        ]
    },
    "current": {
        "76": [
            419,
            536,
            160,
            122,
            76,
            0.917342483997345
        ],
        "39": [
            239,
            467,
            35,
            73,
            39,
            0.2958941161632538
        ]
    }
}